{
    "100-499, buy": [
        0.0023124580628453707,
        0.002427686303010858,
        0.002457637986826581,
        0.002495074626618635,
        0.0025038754367175237,
        0.0025259979451421857,
        0.002547615641868739,
        0.002556940358646317,
        0.002565286397109942,
        0.0025647554551556464,
        0.002600342481186583,
        0.002604206580792702,
        0.0026096038861261437,
        0.0026175506727955083,
        0.002617379257465778,
        0.002624300411896017,
        0.0026318989335414452,
        0.0026486155278554256,
        0.002659118618308544,
        0.0026718780912768627,
        0.002716892852819954,
        0.0027313306687919577,
        0.002724315655015738,
        0.0027252249346702926,
        0.0027334766288790017,
        0.002732382650295716,
        0.002737398029146912,
        0.002739263824404748,
        0.0027370071590598287,
        0.002728144043486727
    ],
    "100-499,sell": [
        -0.0024984754611346916,
        -0.002589988633273746,
        -0.002607624112811533,
        -0.0025973540028451014,
        -0.002590438237793325,
        -0.002597722107811275,
        -0.0026161085381664825,
        -0.002639529709430297,
        -0.0026610556571614002,
        -0.0026675770892066017,
        -0.002688597416447843,
        -0.0027016206832401832,
        -0.0027151507099355803,
        -0.0027233385941370035,
        -0.002732333004186515,
        -0.0027814772940900657,
        -0.0027871781093818256,
        -0.0027912405694963636,
        -0.002779041339678883,
        -0.0027821437311879938,
        -0.002805573705518218,
        -0.002809400074950861,
        -0.0028159373508243432,
        -0.0028404022271586596,
        -0.002874950500738051,
        -0.0028893134977613436,
        -0.0028855335136615326,
        -0.0028813238758052546,
        -0.002872458367564554,
        -0.0028999551983232173
    ],
    "500-999, buy": [
        0.002530792981657514,
        0.0026824357889054617,
        0.002734736862263436,
        0.0027656911926144364,
        0.002794985116754063,
        0.0028872012974604008,
        0.002924359624247004,
        0.0029249627714553715,
        0.002933554502479863,
        0.0029573097698572604,
        0.0030272619518274205,
        0.0030551259237273304,
        0.003087766970428238,
        0.0031045369282152627,
        0.003119681203798956,
        0.0031483778615674285,
        0.0031506130839061334,
        0.003171978937415755,
        0.0031944633141793386,
        0.003207454868494221,
        0.0032541205637758924,
        0.0032523654141820035,
        0.0032556512069014526,
        0.003241125419185449,
        0.003251639469119799,
        0.0032597924599225042,
        0.003270674035419635,
        0.0032785822955565683,
        0.0032954233115527294,
        0.003305064951138569
    ],
    "500-999, sell": [
        -0.0028436113164048045,
        -0.002992006188737686,
        -0.0030192022129284157,
        -0.0030042051276410555,
        -0.0030010623107987254,
        -0.0029893046495780367,
        -0.002995642424262339,
        -0.003008318123590411,
        -0.003024176617353917,
        -0.0030339539421105404,
        -0.0030967590170757554,
        -0.0030890219067704282,
        -0.0030682149034193702,
        -0.003068190759634889,
        -0.0030739304053668116,
        -0.0031074752567053425,
        -0.0031104640816551773,
        -0.003110962760375607,
        -0.0030920381543103363,
        -0.003081519134159265,
        -0.003165801095999623,
        -0.003155546032481029,
        -0.0031611130081948343,
        -0.0031650120877719894,
        -0.003189748529939565,
        -0.003216123821967413,
        -0.0032018168981147333,
        -0.0031779359636205516,
        -0.0031715072814762876,
        -0.0031963946819694184
    ],
    "1000-1999,buy": [
        0.00443480942132797,
        0.004517559402643231,
        0.004528900139024253,
        0.004536700113384899,
        0.004543998420672965,
        0.004569913155959581,
        0.004588364185831829,
        0.0045824622067727906,
        0.004608402104325285,
        0.004633296610159055,
        0.004660847612575469,
        0.004644772943265798,
        0.004680795158944882,
        0.004669633781053385,
        0.0046569489940957295,
        0.004634800001115482,
        0.004671640975846625,
        0.00466521189029743,
        0.004679162771518853,
        0.004712242599693395,
        0.004719656349128299,
        0.004756506936561959,
        0.004756515339989773,
        0.004755128879712519,
        0.004758526282228939,
        0.0047952450085889785,
        0.004826528269331479,
        0.00482587729115246,
        0.004835363893398774,
        0.004831798347774518
    ],
    "1000-1999,sell": [
        -0.005017403575566608,
        -0.005168947459279486,
        -0.005188422874654869,
        -0.00519532182002394,
        -0.005156991531742563,
        -0.00521940984706244,
        -0.005245347633128457,
        -0.005267709640972483,
        -0.005287458594193848,
        -0.00530628472355569,
        -0.005313595940752811,
        -0.005289530958192656,
        -0.005311104516633446,
        -0.005305574453407488,
        -0.005315913358792629,
        -0.005328514900392022,
        -0.005368129644740563,
        -0.005398581204037491,
        -0.005360694321667278,
        -0.005340139195541573,
        -0.005355914906960689,
        -0.005380856560535912,
        -0.005386241882274593,
        -0.005412658527013616,
        -0.005445724044258169,
        -0.005492128504948008,
        -0.005470410510317859,
        -0.005476142665441581,
        -0.005476359134609698,
        -0.005524694510103579
    ],
    "2000-2999,buy": [
        0.007475184730549636,
        0.00752130933098779,
        0.007535419225385203,
        0.007482137909350038,
        0.007446100042101514,
        0.007347798137878414,
        0.007353432323790726,
        0.007408394511515033,
        0.007371743383086697,
        0.007412533411726131,
        0.007376837879585068,
        0.007325165656140855,
        0.007377063373540182,
        0.007289866821039117,
        0.007271015628519717,
        0.007209345156177871,
        0.007145095555740304,
        0.007191622303624581,
        0.007295699360163984,
        0.007323729273708408,
        0.007337903257639904,
        0.007338390943610798,
        0.0072588110217531214,
        0.007233125321794959,
        0.007198093367533024,
        0.007186053599010694,
        0.007243131257575587,
        0.007239647895727828,
        0.007292971940800679,
        0.007345135839134698
    ],
    "2000-2999,sell": [
        -0.008567992891172835,
        -0.008585962240732365,
        -0.008481119217913977,
        -0.008366368413680438,
        -0.008234243248338357,
        -0.008216355891954128,
        -0.008209180484645142,
        -0.008176653026400315,
        -0.008265667630841255,
        -0.00828649379471571,
        -0.008237520537930879,
        -0.008261426823429731,
        -0.008342313397184154,
        -0.008378214529383917,
        -0.00843414650855148,
        -0.00843262763902307,
        -0.008389438198390558,
        -0.008389058795489157,
        -0.008405613876449234,
        -0.008402030319408078,
        -0.008446252177842933,
        -0.00837978754705837,
        -0.008293839603430218,
        -0.0082926268881028,
        -0.008365309631780483,
        -0.008354501584075484,
        -0.008360149366926596,
        -0.008404960091462394,
        -0.008384658852217765,
        -0.008386770603788682
    ],